{
	"__v": 0,
	"_id": "54e66c3896ba824ad8cf7b66",
	"account": "54e56ef6242daa0300a51b18",
	"content": "// create the scroll container\nvar scrollContainer = createLayer(\"Scroll container\");\nscrollContainer.width = Screen.width;\nscrollContainer.height = Screen.height;\nscrollContainer.backgroundColor = 'transparent';\n\n// create the content\nvar scrollContent = createLayer(\"Scroll content\");\nscrollContent.width = Screen.width - 100;\nscrollContent.centerX = Screen.width / 2;\nscrollContent.height = Screen.height * 2;\nscrollContent.y = 50;\nscrollContent.backgroundColor = \"#2475e4\";\n\nnestLayers(scrollContainer, scrollContent);\n\nvar scroll = createScrollInteraction(scrollContainer);",
	"folder": "/",
	"name": "Template: Scroll view ",
	"type": "action",
	"updatedAt": "2015-02-19T23:05:52.973Z",
	"version": 1,
	"id": "54e66c3896ba824ad8cf7b66"
}