{
	"__v": 0,
	"_id": "54e65be596ba82f3e7a2ff8c",
	"account": "54e56ef6242daa0300a51b18",
	"content": "// set up\nvar NUM_TABS = 4;\nvar TAB_BAR_HEIGHT = 49;\n\n// This is to demonstrate we could easily have different\n// tab colors, or images, etc.\n// this action is already set up to work with any number\n// of defined colors, but if this were changed to use images,\n// TAB_COLORS should have entries for each tab\nvar TAB_COLORS = [\n  \"rgb(235,235, 235)\",\n  \"rgb(235,235, 235)\",\n  \"rgb(235,235, 235)\",\n  \"rgb(235,235, 235)\"\n];\n\n// variables\nvar label, view, tab, switchAnimation, selectAnimation;\nvar tabs = [];\n\n// create the tab bar once all the views are created, so it's on top\nvar tabBar = createLayer(\"Tab bar\");\ntabBar.width = Screen.width;\ntabBar.height = TAB_BAR_HEIGHT;\ntabBar.bottom = Screen.height;\ntabBar.backgroundColor = \"transparent\";\n\n// ceate a container for all the views\nvar views = createLayer(\"Views\");\nviews.width = Screen.width;\nviews.height = Screen.height;\nviews.backgroundColor = \"transparent\";\n\n\nfor (var i = NUM_TABS-1; i >= 0; i--) {\n\n  // the numbering we'll use for layer names\n  label = i+1;\n\n  // create each view\n  view = createLayer('View ' + label);\n  view.width = Screen.width;\n  view.height = Screen.height;\n  view.backgroundColor = randColor();\n  nestLayers(views, view);\n\n  // create each tab \n  tab = createLayer('Tab bar button ' + label);\n  tab.width = Screen.width / NUM_TABS;\n  tab.height = TAB_BAR_HEIGHT;\n  tab.left = (Screen.width / NUM_TABS) * i;\n  // shift color for first tab since it will be selected\n  if (i === 0) {\n    tab.backgroundColor = shiftColor(TAB_COLORS[i % TAB_COLORS.length], -30);\n  } else {\n    tab.backgroundColor = TAB_COLORS[i % TAB_COLORS.length];\n  }  \n  tabs.push(tab); // store the tabs for later\n\n  // add tap interaction for tab\n  createTapInteraction(tab);\n\n  // create animation to show view\n  switchAnimation = createReorderAnimation(view);\n  switchAnimation.basedOn = tab.tap;\n  switchAnimation.animates = AnimationMode.withDuration;\n  // place layer we're switching to the front of the views\n  switchAnimation.to = Stacking.front;  \n}\n\n// loop back through tabs and nest in tabBar\n// as well as create \"active state\" animations\nvar otherTabs, tabDeselect;\ntabs.forEach(function(tab) {\n  nestLayers(tabBar, tab);\n\n\n  // create \"deselect\" animations for tabs when this is tapped\n  // that will reset to beginning color\n  tabs.forEach(function(tabToDeselect, i) {\n    var tabDeselect = createColorAnimation(tabToDeselect);\n    tabDeselect.basedOn = tab.tap;\n    tabDeselect.animates = AnimationMode.withDuration;\n    tabDeselect.to = TAB_COLORS[i % TAB_COLORS.length];\n  });\n\n  // animation to \"select\" active tab\n  var selectAnimation = createColorAnimation(tab);\n  selectAnimation.basedOn = tab.tap;\n  selectAnimation.animates = AnimationMode.withDuration;\n  selectAnimation.to = shiftColor(tab.backgroundColor, -30);\n\n});\n\n// Generates a random color\nfunction randColor() {\n  var r = (Math.floor(Math.random()*256) + 80) / 2;\n  var g = (Math.floor(Math.random()*256) + 80) / 2;\n  var b = (Math.floor(Math.random()*256) + 80) / 2;\n  return \"rgb(\" + [r,g,b].join() + \")\";\n}\n\n// lightens or darkens an RGB color\nfunction shiftColor(color, amount) {\n  var rgb = color.replace(/[^\\d,]/g, '').split(',').map(function(value){return Number(value)});  \n  var colorShift = function(c,n,i,d){for(i=3;i--;c[i]=d<0?0:d>255?255:d|0)d=c[i]+n;return c};\n  var shifted = colorShift(rgb, amount);\n  return \"rgb(\" + shifted.join() + \")\";\n}\n\n",
	"folder": "/",
	"name": "Template: Tab navigation",
	"type": "action",
	"updatedAt": "2015-02-19T22:51:51.025Z",
	"version": 1,
	"id": "54e65be596ba82f3e7a2ff8c"
}