{
	"__v": 0,
	"_id": "54e669a096ba824ad8cf7b2b",
	"account": "54e56ef6242daa0300a51b18",
	"content": "// create side bar\nvar sideBar = createLayer(\"Side bar\");\nsideBar.width = Screen.width * (2/3);\nsideBar.height = Screen.height;\nsideBar.x = 0 - sideBar.width;\nsideBar.backgroundColor = \"#e74c3c\";\n\n// create the status bar\nvar statusBar = createLayer(\"Status bar\");\nstatusBar.width = Screen.width;\nstatusBar.height = 20;\nstatusBar.backgroundColor = \"#222222\";\n\n// create the nav bar\nvar navBar = createLayer(\"Nav bar\");\nnavBar.width = Screen.width;\nnavBar.height = 44;\nnavBar.y = 20;\nnavBar.backgroundColor = \"#555555\";\n\n// create the nav bar button\nvar navBarButton = createLayer(\"Nav bar button\");\nnavBarButton.width = navBarButton.height = 22;\nnavBarButton.x = navBarButton.y = 11;\nnavBarButton.backgroundColor = \"#CCCCCC\";\n\n// nest bar button in nav\nnestLayers(navBar, navBarButton);\n\n// create the main content view\nvar mainView = createLayer(\"Main view\");\nmainView.width = Screen.width;\nmainView.height = Screen.height;\nmainView.backgroundColor = \"#FFFFFF\";\n\n\n// create interaction/animation to reveal side bar by sliding main view\ncreateTapInteraction(navBarButton);\nvar slideSideBarIn = createMoveAnimation(sideBar);\nslideSideBarIn.name = \"Show side bar\";\nslideSideBarIn.basedOn = navBarButton.tap;\nslideSideBarIn.animates = AnimationMode.withDuration;\nslideSideBarIn.toX = 0;\nslideSideBarIn.easing = EasingCurve.easeInOutQuadratic;\nslideSideBarIn.duration = 0.4;\n\n// create interaction/animation to reveal side bar by sliding main view\ncreateTapInteraction(sideBar);\nvar slideSideBarOut = createMoveAnimation(sideBar);\nslideSideBarOut.name = \"Hide side bar\";\nslideSideBarOut.basedOn = sideBar.tap;\nslideSideBarOut.animates = AnimationMode.withDuration;\nslideSideBarOut.toX = 0 - sideBar.width;\nslideSideBarOut.easing = EasingCurve.easeInOutQuadratic;\nslideSideBarOut.duration = 0.4;\n\n// also slide the side bar out if tapping on main view\ncreateTapInteraction(mainView);\nvar slideSideBarOut = createMoveAnimation(sideBar);\nslideSideBarOut.name = \"Hide side bar\";\nslideSideBarOut.basedOn = mainView.tap;\nslideSideBarOut.animates = AnimationMode.withDuration;\nslideSideBarOut.toX = 0 - sideBar.width;\nslideSideBarOut.easing = EasingCurve.easeInOutQuadratic;\nslideSideBarOut.duration = 0.4;\n\n\n// also enable dragging main view to show/hide side bar\n\n// Add a drag interaction to the layer & set to horizontal drag\nvar dragSideBar = createDragInteraction(sideBar);\ndragSideBar.direction = DragDirection.horizontal;\ndragSideBar.min = 0 - sideBar.width;\ndragSideBar.minReferenceEdge = Edge.left;\ndragSideBar.max = 0;\ndragSideBar.maxReferenceEdge = Edge.left;\n\n// animation to snap main view open or closed on drag release\nvar snapSideBar = createMoveAnimation(sideBar);\nsnapSideBar.name = \"Snap side bar\";\nsnapSideBar.basedOn = sideBar.dragRelease;\nsnapSideBar.animates = AnimationMode.withDuration;\nsnapSideBar.referenceEdge = Edge.left;\nsnapSideBar.condition = 'side_bar.x < ' + -80;\nsnapSideBar.toX = 0 - sideBar.width;\nsnapSideBar.easing = EasingCurve.easeOutQuadratic;\nsnapSideBar.duration = 0.2;\n\nvar snapSideBarElse = addAnimationCondition(snapSideBar);\nsnapSideBarElse.toX = 0;\nsnapSideBarElse.easing = EasingCurve.easeOutQuadratic;\nsnapSideBarElse.duration = 0.2;\n",
	"folder": "/",
	"name": "Template: Side drawer nav (overlay)",
	"type": "action",
	"updatedAt": "2015-02-19T23:01:22.051Z",
	"version": 1,
	"id": "54e669a096ba824ad8cf7b2b"
}