{
	"__v": 0,
	"_id": "54e66c6096ba824ad8cf7b6b",
	"account": "54e56ef6242daa0300a51b18",
	"content": "var flipFrontLayer = getSelectedLayer();\n\nvar flipBackLayer = createLayer(\"Back\");\nflipBackLayer.width = flipFrontLayer.width;\nflipBackLayer.height = flipFrontLayer.height;\nflipBackLayer.x = Screen.width + 50; // place offscreen alongside front\nflipBackLayer.y = flipFrontLayer.y;\nflipBackLayer.backgroundColor = \"#679ae0\";\n\n\n// make front and back tappable\ncreateTapInteraction(flipFrontLayer);\ncreateTapInteraction(flipBackLayer);\n\n// create flip over (rotate) animation\nvar flipOver = createRotateAnimation(flipFrontLayer);\nflipOver.basedOn = flipFrontLayer.tap;\nflipOver.animates = AnimationMode.withDuration;\nflipOver.dimension = DimensionType.three;\nflipOver.toY = 180;\nflipOver.backLayer = flipBackLayer;\nflipOver.duration = 0.2;\n\n// create flip back (rotate) animation\nvar flipBack = createRotateAnimation(flipBackLayer);\nflipBack.basedOn = flipBackLayer.tap;\nflipBack.animates = AnimationMode.withDuration;\nflipBack.dimension = DimensionType.three;\nflipBack.toY = -180;\nflipBack.backLayer = flipFrontLayer;\nflipBack.duration = 0.2;",
	"folder": "/",
	"name": "Template: Add flip toggle",
	"type": "action",
	"updatedAt": "2015-02-19T23:07:44.171Z",
	"version": 1,
	"id": "54e66c6096ba824ad8cf7b6b"
}