{
	"__v": 0,
	"_id": "54e66b5296ba824ad8cf7b48",
	"account": "54e56ef6242daa0300a51b18",
	"content": "//set up\nvar revealAmount = Screen.width - 100;\n\n// create the status bar\nvar statusBar = createLayer(\"Status bar\");\nstatusBar.width = Screen.width;\nstatusBar.height = 20;\nstatusBar.backgroundColor = \"#222222\";\n\n// create the nav bar\nvar navBar = createLayer(\"Nav bar\");\nnavBar.width = Screen.width;\nnavBar.height = 44;\nnavBar.y = 20;\nnavBar.backgroundColor = \"#555555\";\n\n// create the nav bar button\nvar navBarButton = createLayer(\"Nav bar button\");\nnavBarButton.width = navBarButton.height = 22;\nnavBarButton.x = navBarButton.y = 11;\nnavBarButton.backgroundColor = \"#CCCCCC\";\n\n// create the main content view\nvar mainView = createLayer(\"Main view\");\nmainView.width = Screen.width;\nmainView.height = Screen.height;\nmainView.backgroundColor = \"#FFFFFF\";\n\n// nest nav bar in main view\nnestLayers(mainView, navBar);\n\n// nest bar button in nav\nnestLayers(navBar, navBarButton);\n\n// create side bar\nvar sideBar = createLayer(\"Side bar\");\nsideBar.width = Screen.width;\nsideBar.height = Screen.height;\nsideBar.backgroundColor = \"#e74c3c\";\n\n\n// create interaction/animation to reveal side bar by sliding main view\ncreateTapInteraction(navBarButton);\nvar slideMainViewOut = createMoveAnimation(mainView);\nslideMainViewOut.name = \"Show side bar\";\nslideMainViewOut.basedOn = navBarButton.tap;\nslideMainViewOut.animates = AnimationMode.withDuration;\nslideMainViewOut.toX = 300;\nslideMainViewOut.easing = EasingCurve.easeInOutQuadratic;\nslideMainViewOut.duration = 0.4;\n\n// create interaction/animation to reveal side bar by sliding main view\nfunction hideSideBar(trigger) {\n  createTapInteraction(trigger);\n  var slideMainViewIn = createMoveAnimation(mainView);\n  slideMainViewIn.name = \"Hide side bar\";\n  slideMainViewIn.basedOn = trigger.tap;\n  slideMainViewIn.animates = AnimationMode.withDuration;\n  slideMainViewIn.toX = 0;\n  slideMainViewIn.easing = EasingCurve.easeInOutQuadratic;\n  slideMainViewIn.duration = 0.4;\n}\n\n// add hideSideBar animation triggered off main view and side bar tap\nhideSideBar(mainView);\nhideSideBar(sideBar);\n\n// also enable dragging main view to show/hide side bar\n\n// Add a drag interaction to the layer & set to horizontal drag\nvar dragMainView = createDragInteraction(mainView);\ndragMainView.direction = DragDirection.horizontal;\ndragMainView.min = 0;\ndragMainView.minReferenceEdge = Edge.left;\ndragMainView.max = revealAmount;\ndragMainView.maxReferenceEdge = Edge.left;\n\n// animation to snap main view open or closed on drag release\nvar snapMainView = createMoveAnimation(mainView);\nsnapMainView.name = \"Snap main view\";\nsnapMainView.basedOn = mainView.dragRelease;\nsnapMainView.animates = AnimationMode.withDuration;\nsnapMainView.referenceEdge = Edge.left;\nsnapMainView.condition = 'main_view.x < ' + revealAmount / 2;\nsnapMainView.toX = 0;\nsnapMainView.easing = EasingCurve.easeOutQuadratic;\nsnapMainView.duration = 0.2;\n\nvar snapMainViewElse = addAnimationCondition(snapMainView);\nsnapMainViewElse.toX = revealAmount;\nsnapMainViewElse.easing = EasingCurve.easeOutQuadratic;\nsnapMainViewElse.duration = 0.2;",
	"folder": "/",
	"name": "Template: Side drawer nav (reveal) ",
	"type": "action",
	"updatedAt": "2015-02-19T23:03:36.591Z",
	"version": 1,
	"id": "54e66b5296ba824ad8cf7b48"
}