{
	"__v": 0,
	"_id": "54e66cce96ba8272d1226c4d",
	"account": "54e56ef6242daa0300a51b18",
	"content": "var layer = getSelectedLayer();\n\n// make layer tappable\ncreateTapInteraction(layer);\n\n// scale up on tap\nvar scaleLayer = createScaleAnimation(layer);\nscaleLayer.name = \"Toggle scale on tap\";\nscaleLayer.basedOn = layer.tap;\nscaleLayer.animates = AnimationMode.withDuration;\n// use < 1.2 as opposed to == 1 in condition since \n// springs take a while to \"settle\"\nscaleLayer.condition = layer.id + '.scale < 1.2';\nscaleLayer.toX = 2;\nscaleLayer.toY = 2;\nscaleLayer.easing = EasingCurve.spring;\nscaleLayer.springFriction = 20;\nscaleLayer.springTension = 500;\n\nvar scaleDownCondition = addAnimationCondition(scaleLayer);\nscaleDownCondition.toX = 1;\nscaleDownCondition.toY = 1;\nscaleDownCondition.easing = EasingCurve.spring;\nscaleDownCondition.springFriction = 20;\nscaleDownCondition.springTension = 500;",
	"folder": "/",
	"name": "Template: Add scale toggle",
	"type": "action",
	"updatedAt": "2015-02-19T23:09:17.174Z",
	"version": 1,
	"id": "54e66cce96ba8272d1226c4d"
}