{
	"__v": 0,
	"_id": "54e66bec96ba824ad8cf7b57",
	"account": "54e56ef6242daa0300a51b18",
	"content": "// create the \"status bar\"\nvar statusBar = createLayer(\"Status bar\");\nstatusBar.width = Screen.width;\nstatusBar.height = 20;\nstatusBar.backgroundColor = \"#222222\";\n\n// create the nav\nvar nav = createLayer(\"Nav\");\nnav.width = Screen.width;\nnav.height = 44;\nnav.y = 20;\nnav.backgroundColor = \"#555555\";\n\n// create the scroll container\nvar scrollContainer = createLayer(\"Scroll container\");\nscrollContainer.width = Screen.width;\nscrollContainer.height = Screen.height;\nscrollContainer.backgroundColor = 'transparent';\n\n// create the content\nvar scrollContent = createLayer(\"Scroll content\");\nscrollContent.width = Screen.width - 100;\nscrollContent.centerX = Screen.centerX;\nscrollContent.height = Screen.height * 2;\nscrollContent.y = 84;\nscrollContent.backgroundColor = \"#2475e4\";\n\nnestLayers(scrollContainer, scrollContent);\n\n\n// make the scroll container scrollable\nvar scroll = createScrollInteraction(scrollContainer);\n\n// make the nav sticky\nvar stickyNavMove = createMoveAnimation(nav);\nstickyNavMove.basedOn = scrollContainer.scrollPosition;\nstickyNavMove.animates = AnimationMode.continuousWithRate;\nstickyNavMove.scrollDirection = ScrollDirection.vertical;\nstickyNavMove.scrollDirection = ScrollDirection.vertical;\nstickyNavMove.begin = 0; // don't need an end since it's just going offscreen\nstickyNavMove.rate = -1;",
	"folder": "/",
	"name": "Template: Sticky nav scroll view",
	"type": "action",
	"updatedAt": "2015-02-19T23:05:14.580Z",
	"version": 1,
	"id": "54e66bec96ba824ad8cf7b57"
}