[
  {
    "label": "Pixate",
    "submenu": [
      {
        "label": "About Pixate Studio",
        "selector": "orderFrontStandardAboutPanel:"
      },
      {
        "label": "Acknowledgements\u2026",
        "event": "app:show-attributions"
      },
      {
        "label": "Terms of Service\u2026",
        "event": "app:show-tos"
      },
      {
        "label": "Privacy Policy\u2026",
        "event": "app:show-privacy"
      },
      {
        "type": "separator"
      },
      {
        "label": "License\u2026",
        "event": "app:license"
      },
      {
        "label": "Install Command Line",
        "event": "app:install-cli"
      },
      {
        "type": "separator"
      },
      {
        "label": "Services",
        "submenu": []
      },
      {
        "type": "separator"
      },
      {
        "label": "Hide Pixate",
        "accelerator": "Command+H",
        "selector": "hide:"
      },
      {
        "label": "Hide Others",
        "accelerator": "Command+Shift+H",
        "selector": "hideOtherApplications:"
      },
      {
        "label": "Show All",
        "selector": "unhideAllApplications:"
      },
      {
        "type": "separator"
      },
      {
        "label": "Quit",
        "accelerator": "Command+Q",
        "event": "app:quit"
      }
    ]
  },
  {
    "label": "File",
    "submenu": [
      {
        "label": "New",
        "accelerator": "Command+N",
        "event": "app:new-prototype"
      },
      {
        "label": "Open\u2026",
        "accelerator": "Command+O",
        "event": "app:open-prototype"
      },
      {
        "type": "separator"
      },
      {
        "label": "Reopen Window",
        "accelerator": "Command+Shift+T",
        "event": "app:open-window"
      },
      {
        "label": "Close",
        "accelerator": "Command+W",
        "selector": "performClose:"
      },
      {
        "type": "separator"
      },
      {
        "label": "Export",
        "submenu": [
          {
            "label": "Xcode (Objective-C)\u2026",
            "event": "app:export-xcode-objc"
          },
          {
            "label": "Xcode (Swift)\u2026",
            "event": "app:export-xcode-swift"
          },
          {
            "label": "Android (Java)\u2026",
            "event": "app:export-android"
          },
          {
            "label": "Xamarin (C#)\u2026",
            "event": "app:export-xamarin"
          },
          {
            "label": "React (Javascript)\u2026",
            "event": "app:export-react"
          }
        ]
      }
    ]
  },
  {
    "label": "Edit",
    "submenu": [
      {
        "label": "Undo",
        "accelerator": "Command+Z",
        "selector": "undo:",
        "event": "app:edit-undo"
      },
      {
        "label": "Redo",
        "accelerator": "Shift+Command+Z",
        "selector": "redo:",
        "event": "app:edit-redo"
      },
      {
        "type": "separator"
      },
      {
        "label": "Cut",
        "accelerator": "Command+X",
        "selector": "cut:"
      },
      {
        "label": "Copy",
        "accelerator": "Command+C",
        "selector": "copy:"
      },
      {
        "label": "Paste",
        "accelerator": "Command+V",
        "selector": "paste:"
      },
      {
        "label": "Select All",
        "accelerator": "Command+A",
        "selector": "selectAll:"
      }
    ]
  },
  {
    "label": "View",
    "submenu": [
      {
        "label": "Reload",
        "accelerator": "Command+R",
        "event": "app:reload"
      },
      {
        "label": "Toggle Full Screen",
        "accelerator": "Ctrl+Command+F",
        "event": "app:toggle-full-screen"
      },
      {
        "label": "Developer",
        "submenu": [
          {
            "label": "Toggle Developer Tools",
            "accelerator": "Alt+Command+I",
            "event": "app:toggle-dev-tools"
          }
        ]
      }
    ]
  },
  {
    "label": "Window",
    "submenu": [
      {
        "label": "Minimize",
        "accelerator": "Command+M",
        "selector": "performMiniaturize:"
      },
      {
        "label": "Zoom",
        "selector": "zoom:"
      },
      {
          "label": "Welcome to Pixate Studio",
          "accelerator": "Command+Shift+1",
          "event": "app:welcome"
      },
      {
        "type": "separator"
      },
      {
        "label": "Bring All to Front",
        "selector": "arrangeInFront:"
      }
    ]
  },
  {
    "label": "Help",
    "submenu": [
      {
        "label": "Pixate Help",
        "event": "app:help"
      },
      {
        "label": "Pixate Studio Help",
        "event": "app:studiohelp"
      },
      {
        "label": "Pixate Actions API",
        "event": "app:actionshelp"
      },
      {
        "type": "separator"
      },
      {
        "label": "Forget all Rejected Devices",
        "event": "app:clear-device-rejections"
      },
      {
        "label": "Logging",
        "submenu": [
          {
            "label": "Enable Logging",
            "event": "app:logging-toggle"
          },
          {
            "label": "View Log Folder",
            "event": "app:view-logs"
          },
          {
            "type": "separator"
          },
          {
            "label": "System Information\u2026",
            "event": "app:sysinfo"
          }
        ]
      },
      {
        "type": "separator"
      },
      {
        "label": "Release Notes",
        "event": "app:releasenotes"
      },
      {
        "type": "separator"
      },
      {
        "label": "Questions or Feedback",
        "event": "app:feedback"
      }
    ]
  }
]
